{
  "algo": "DQN",
  "env": "doorkey_8x8",
  "seed": 5,
  "timesteps": [
    640,
    1280,
    1920,
    2560,
    2881,
    3521,
    4161,
    4801,
    5441,
    6081,
    6721,
    7361,
    8001,
    8641,
    9281,
    9921,
    10561,
    11201,
    11841,
    12481,
    13121,
    13761,
    14401,
    15041,
    15681,
    16146,
    16786,
    17426,
    18066,
    18706,
    19346,
    19986,
    20626,
    21266,
    21906,
    22546,
    23186,
    23826,
    24466,
    25106,
    25746,
    26386,
    27026,
    27666,
    28306,
    28946,
    29586,
    30226,
    30866,
    31506,
    32146,
    32786,
    33426,
    34066,
    34706,
    35346,
    35986,
    36626,
    37266,
    37906,
    38546,
    39186,
    39826,
    40466,
    41106,
    41746,
    42386,
    43026,
    43666,
    44306,
    44946,
    45586,
    46226,
    46866,
    47506,
    48146,
    48786,
    49426
  ],
  "episode_rewards": [
    0.0,
    0.0,
    0.0,
    0.0,
    0.548594,
    0.0,
    0.0,
    0.0,
    0.0,
    0.0,
    0.0,
    0.0,
    0.0,
    0.0,
    0.0,
    0.0,
    0.0,
    0.0,
    0.0,
    0.0,
    0.0,
    0.0,
    0.0,
    0.0,
    0.0,
    0.346094,
    0.0,
    0.0,
    0.0,
    0.0,
    0.0,
    0.0,
    0.0,
    0.0,
    0.0,
    0.0,
    0.0,
    0.0,
    0.0,
    0.0,
    0.0,
    0.0,
    0.0,
    0.0,
    0.0,
    0.0,
    0.0,
    0.0,
    0.0,
    0.0,
    0.0,
    0.0,
    0.0,
    0.0,
    0.0,
    0.0,
    0.0,
    0.0,
    0.0,
    0.0,
    0.0,
    0.0,
    0.0,
    0.0,
    0.0,
    0.0,
    0.0,
    0.0,
    0.0,
    0.0,
    0.0,
    0.0,
    0.0,
    0.0,
    0.0,
    0.0,
    0.0,
    0.0
  ],
  "episode_lengths": [
    640,
    640,
    640,
    640,
    321,
    640,
    640,
    640,
    640,
    640,
    640,
    640,
    640,
    640,
    640,
    640,
    640,
    640,
    640,
    640,
    640,
    640,
    640,
    640,
    640,
    465,
    640,
    640,
    640,
    640,
    640,
    640,
    640,
    640,
    640,
    640,
    640,
    640,
    640,
    640,
    640,
    640,
    640,
    640,
    640,
    640,
    640,
    640,
    640,
    640,
    640,
    640,
    640,
    640,
    640,
    640,
    640,
    640,
    640,
    640,
    640,
    640,
    640,
    640,
    640,
    640,
    640,
    640,
    640,
    640,
    640,
    640,
    640,
    640,
    640,
    640,
    640,
    640
  ],
  "final_eval_mean": 0.0,
  "final_eval_std": 0.0
}