{
  "algo": "A2C",
  "env": "doorkey_8x8",
  "seed": 1,
  "timesteps": [
    640,
    1280,
    1587,
    2227,
    2867,
    3507,
    4147,
    4787,
    5427,
    6067,
    6707,
    7347,
    7987,
    8627,
    9267,
    9907,
    10547,
    11187,
    11382,
    12022,
    12662,
    13302,
    13942,
    14582,
    15222,
    15862,
    16264,
    16904,
    17544,
    18184,
    18824,
    19464,
    20104,
    20744,
    21384,
    22024,
    22664,
    23304,
    23944,
    24584,
    25224,
    25864,
    26504,
    27144,
    27784,
    28424,
    29064,
    29704,
    30344,
    30984,
    31624,
    32264,
    32904,
    33544,
    34184,
    34824,
    35464,
    36104,
    36744,
    37384,
    38024,
    38659,
    39299,
    39939,
    40579,
    41219,
    41859,
    42499,
    43139,
    43779,
    44419,
    45059,
    45699,
    46339,
    46979,
    47619,
    48259,
    48899,
    49539
  ],
  "episode_rewards": [
    0.0,
    0.0,
    0.568281,
    0.0,
    0.0,
    0.0,
    0.0,
    0.0,
    0.0,
    0.0,
    0.0,
    0.0,
    0.0,
    0.0,
    0.0,
    0.0,
    0.0,
    0.0,
    0.725781,
    0.0,
    0.0,
    0.0,
    0.0,
    0.0,
    0.0,
    0.0,
    0.434687,
    0.0,
    0.0,
    0.0,
    0.0,
    0.0,
    0.0,
    0.0,
    0.0,
    0.0,
    0.0,
    0.0,
    0.0,
    0.0,
    0.0,
    0.0,
    0.0,
    0.0,
    0.0,
    0.0,
    0.0,
    0.0,
    0.0,
    0.0,
    0.0,
    0.0,
    0.0,
    0.0,
    0.0,
    0.0,
    0.0,
    0.0,
    0.0,
    0.0,
    0.0,
    0.107031,
    0.0,
    0.0,
    0.0,
    0.0,
    0.0,
    0.0,
    0.0,
    0.0,
    0.0,
    0.0,
    0.0,
    0.0,
    0.0,
    0.0,
    0.0,
    0.0,
    0.0
  ],
  "episode_lengths": [
    640,
    640,
    307,
    640,
    640,
    640,
    640,
    640,
    640,
    640,
    640,
    640,
    640,
    640,
    640,
    640,
    640,
    640,
    195,
    640,
    640,
    640,
    640,
    640,
    640,
    640,
    402,
    640,
    640,
    640,
    640,
    640,
    640,
    640,
    640,
    640,
    640,
    640,
    640,
    640,
    640,
    640,
    640,
    640,
    640,
    640,
    640,
    640,
    640,
    640,
    640,
    640,
    640,
    640,
    640,
    640,
    640,
    640,
    640,
    640,
    640,
    635,
    640,
    640,
    640,
    640,
    640,
    640,
    640,
    640,
    640,
    640,
    640,
    640,
    640,
    640,
    640,
    640,
    640
  ],
  "final_eval_mean": 0.0,
  "final_eval_std": 0.0
}