{
  "algo": "A2C",
  "seed": 1,
  "timesteps": 100000,
  "distshift1_mean": 0.0,
  "distshift1_std": 0.0,
  "distshift2_mean": 0.0,
  "distshift2_std": 0.0,
  "generalization_gap": 0.0,
  "distshift1_rewards": [
    0.0,
    0.0,
    0.0,
    0.0,
    0.0,
    0.0,
    0.0,
    0.0,
    0.0,
    0.0
  ],
  "distshift2_rewards": [
    0.0,
    0.0,
    0.0,
    0.0,
    0.0,
    0.0,
    0.0,
    0.0,
    0.0,
    0.0
  ],
  "training_rewards": [
    0.0,
    0.0,
    0.0,
    0.0,
    0.0,
    0.0,
    0.0,
    0.0,
    0.0,
    0.0,
    0.0,
    0.0,
    0.0,
    0.0,
    0.0,
    0.0,
    0.0,
    0.0,
    0.0,
    0.0,
    0.0,
    0.0,
    0.0,
    0.0,
    0.0,
    0.0,
    0.0,
    0.0,
    0.0,
    0.0,
    0.0,
    0.0,
    0.0,
    0.0,
    0.0,
    0.0,
    0.0,
    0.0,
    0.267857,
    0.0,
    0.0,
    0.0,
    0.0,
    0.0,
    0.0,
    0.0,
    0.0,
    0.0,
    0.0,
    0.0,
    0.0,
    0.0,
    0.0,
    0.0,
    0.0,
    0.0,
    0.0,
    0.0,
    0.0,
    0.0,
    0.0,
    0.0,
    0.0,
    0.0,
    0.0,
    0.0,
    0.0,
    0.0,
    0.0,
    0.0,
    0.0,
    0.0,
    0.0,
    0.0,
    0.0,
    0.0,
    0.0,
    0.0,
    0.0,
    0.0,
    0.0,
    0.0,
    0.0,
    0.0,
    0.0,
    0.0,
    0.0,
    0.0,
    0.0,
    0.0,
    0.0,
    0.0,
    0.0,
    0.0,
    0.0,
    0.0,
    0.0,
    0.0,
    0.0,
    0.0,
    0.0,
    0.0,
    0.396429,
    0.0,
    0.0,
    0.0,
    0.0,
    0.0,
    0.0,
    0.0,
    0.0,
    0.0,
    0.0,
    0.0,
    0.0,
    0.685714,
    0.0,
    0.0,
    0.0,
    0.0,
    0.0,
    0.0,
    0.0,
    0.0,
    0.2,
    0.0,
    0.0,
    0.0,
    0.0,
    0.0,
    0.0,
    0.0,
    0.0,
    0.0,
    0.0,
    0.0,
    0.0,
    0.0,
    0.0,
    0.0,
    0.0,
    0.0,
    0.0,
    0.0,
    0.0,
    0.0,
    0.0,
    0.432143,
    0.0,
    0.0,
    0.0,
    0.0,
    0.0,
    0.0,
    0.0,
    0.0,
    0.0,
    0.0,
    0.0,
    0.0,
    0.542857,
    0.0,
    0.0,
    0.0,
    0.0,
    0.0,
    0.0,
    0.0,
    0.0,
    0.0,
    0.0,
    0.0,
    0.0,
    0.0,
    0.0,
    0.0,
    0.0,
    0.0,
    0.0,
    0.0,
    0.307143,
    0.0,
    0.0,
    0.0,
    0.0,
    0.0,
    0.0,
    0.0,
    0.0,
    0.0,
    0.0,
    0.0,
    0.0,
    0.0,
    0.0,
    0.0,
    0.0,
    0.0,
    0.0,
    0.0,
    0.0,
    0.0,
    0.0,
    0.0,
    0.0,
    0.0,
    0.0,
    0.0,
    0.0,
    0.0,
    0.0,
    0.0,
    0.0,
    0.0,
    0.0,
    0.0,
    0.0,
    0.0,
    0.0,
    0.0,
    0.0,
    0.0,
    0.0,
    0.0,
    0.0,
    0.0,
    0.0,
    0.0,
    0.0,
    0.0,
    0.0,
    0.0,
    0.0,
    0.0,
    0.0,
    0.0,
    0.0,
    0.0,
    0.0,
    0.0,
    0.0,
    0.0,
    0.0,
    0.0,
    0.0,
    0.0,
    0.0,
    0.0,
    0.0,
    0.0,
    0.0,
    0.0,
    0.0,
    0.0,
    0.0,
    0.0,
    0.0,
    0.0,
    0.0,
    0.0,
    0.0,
    0.0,
    0.0,
    0.0,
    0.0,
    0.0,
    0.0,
    0.0,
    0.742857,
    0.0,
    0.0,
    0.296429,
    0.0,
    0.0,
    0.825,
    0.0,
    0.0,
    0.0,
    0.0,
    0.0,
    0.0,
    0.0,
    0.610714,
    0.0,
    0.0,
    0.0,
    0.0,
    0.0,
    0.0,
    0.407143,
    0.0,
    0.0,
    0.0,
    0.0,
    0.0,
    0.0,
    0.0,
    0.0,
    0.792857,
    0.0,
    0.0,
    0.0,
    0.0,
    0.0,
    0.0,
    0.0,
    0.0,
    0.560714,
    0.732143,
    0.0,
    0.707143,
    0.0,
    0.214286,
    0.0,
    0.0,
    0.0,
    0.0,
    0.0,
    0.417857,
    0.778571,
    0.375,
    0.0,
    0.0,
    0.0,
    0.446429,
    0.0,
    0.0,
    0.0,
    0.0,
    0.0,
    0.821429,
    0.0,
    0.0,
    0.0,
    0.614286,
    0.0,
    0.407143,
    0.846429,
    0.0,
    0.0,
    0.0,
    0.0,
    0.721429,
    0.489286,
    0.0,
    0.839286,
    0.0,
    0.796429,
    0.0,
    0.0,
    0.0,
    0.0,
    0.757143,
    0.0,
    0.389286,
    0.775,
    0.0,
    0.785714,
    0.0,
    0.0,
    0.889286,
    0.542857,
    0.0,
    0.757143,
    0.842857,
    0.0,
    0.921429,
    0.785714,
    0.864286,
    0.910714,
    0.889286,
    0.0,
    0.539286,
    0.8,
    0.807143,
    0.0,
    0.910714,
    0.696429,
    0.653571,
    0.0,
    0.532143,
    0.0,
    0.764286,
    0.0,
    0.810714,
    0.796429,
    0.846429,
    0.857143,
    0.0,
    0.821429,
    0.782143,
    0.710714,
    0.0,
    0.0,
    0.910714,
    0.75,
    0.903571,
    0.775,
    0.885714,
    0.864286,
    0.9,
    0.85,
    0.0,
    0.871429,
    0.896429,
    0.0,
    0.0,
    0.0,
    0.839286,
    0.0,
    0.85,
    0.0,
    0.0,
    0.878571,
    0.0,
    0.857143,
    0.917857,
    0.0,
    0.839286,
    0.871429,
    0.853571,
    0.882143,
    0.932143,
    0.860714,
    0.917857,
    0.0,
    0.835714,
    0.842857,
    0.785714,
    0.707143,
    0.914286,
    0.832143,
    0.867857,
    0.9,
    0.892857,
    0.814286,
    0.0,
    0.867857,
    0.875,
    0.814286,
    0.882143,
    0.817857,
    0.0,
    0.882143,
    0.903571,
    0.914286,
    0.742857,
    0.892857,
    0.885714,
    0.8,
    0.889286,
    0.928571,
    0.910714,
    0.925,
    0.917857,
    0.803571,
    0.935714,
    0.0,
    0.896429,
    0.882143,
    0.853571,
    0.892857,
    0.0,
    0.917857,
    0.932143,
    0.921429,
    0.0,
    0.896429,
    0.9,
    0.864286,
    0.892857,
    0.885714,
    0.914286,
    0.914286,
    0.907143,
    0.871429,
    0.921429,
    0.882143,
    0.9,
    0.914286,
    0.917857,
    0.935714,
    0.903571,
    0.882143,
    0.932143,
    0.903571,
    0.0,
    0.903571,
    0.0,
    0.882143,
    0.907143,
    0.932143,
    0.0,
    0.907143,
    0.932143,
    0.903571,
    0.921429,
    0.0,
    0.0,
    0.921429,
    0.889286,
    0.910714,
    0.0,
    0.0,
    0.0,
    0.575,
    0.0,
    0.0,
    0.692857,
    0.0,
    0.0,
    0.0,
    0.0,
    0.578571,
    0.882143,
    0.0,
    0.0,
    0.939286,
    0.942857,
    0.942857,
    0.8,
    0.889286,
    0.903571,
    0.942857,
    0.878571,
    0.928571,
    0.903571,
    0.871429,
    0.0,
    0.921429,
    0.857143,
    0.921429,
    0.885714,
    0.892857,
    0.921429,
    0.0,
    0.932143,
    0.903571,
    0.928571,
    0.928571,
    0.910714,
    0.917857,
    0.942857,
    0.935714,
    0.0,
    0.896429,
    0.0,
    0.914286,
    0.0,
    0.0,
    0.928571,
    0.9,
    0.914286,
    0.932143,
    0.935714,
    0.914286,
    0.0,
    0.939286,
    0.928571,
    0.928571,
    0.910714,
    0.946429,
    0.0,
    0.925,
    0.0,
    0.932143,
    0.942857,
    0.932143,
    0.935714,
    0.939286,
    0.939286,
    0.939286,
    0.867857,
    0.932143,
    0.928571,
    0.928571,
    0.921429,
    0.907143,
    0.0,
    0.925,
    0.0,
    0.0,
    0.932143,
    0.935714,
    0.0,
    0.910714,
    0.925,
    0.0,
    0.932143,
    0.942857,
    0.910714,
    0.946429,
    0.939286,
    0.946429,
    0.932143,
    0.942857,
    0.914286,
    0.0,
    0.921429,
    0.917857,
    0.932143,
    0.939286,
    0.925,
    0.921429,
    0.942857,
    0.585714,
    0.910714,
    0.939286,
    0.932143,
    0.928571,
    0.935714,
    0.0,
    0.932143,
    0.921429,
    0.932143,
    0.935714,
    0.0,
    0.0,
    0.535714,
    0.0,
    0.0,
    0.0,
    0.542857,
    0.0,
    0.0,
    0.0,
    0.146429,
    0.0,
    0.0,
    0.0,
    0.0,
    0.0,
    0.0,
    0.0,
    0.0,
    0.0,
    0.0,
    0.0,
    0.0,
    0.0,
    0.0,
    0.0,
    0.0,
    0.0,
    0.0,
    0.0,
    0.0,
    0.0,
    0.0,
    0.0,
    0.0,
    0.0,
    0.0,
    0.0,
    0.0,
    0.0,
    0.0,
    0.0,
    0.0,
    0.0,
    0.0,
    0.0,
    0.0,
    0.0,
    0.0,
    0.0,
    0.0,
    0.0,
    0.0,
    0.0,
    0.0,
    0.0,
    0.0,
    0.0,
    0.0,
    0.0,
    0.0,
    0.0,
    0.0,
    0.0,
    0.0,
    0.0,
    0.0,
    0.0,
    0.0,
    0.0,
    0.0,
    0.0,
    0.0,
    0.0,
    0.0,
    0.0,
    0.0,
    0.0,
    0.0,
    0.0,
    0.0,
    0.0,
    0.0,
    0.0,
    0.0,
    0.0,
    0.0,
    0.0,
    0.0,
    0.0,
    0.0,
    0.0,
    0.0,
    0.0,
    0.0,
    0.0,
    0.0,
    0.0,
    0.0,
    0.0,
    0.0,
    0.0,
